,MAPE,RMSE,R2
S0000153_Trường Tiểu học Trần Quốc Toản.csv,0.9976567625999451,13.63783073425293,-0.24199557304382324
