,MAPE,RMSE,R2
S0000153_Trường Tiểu học Trần Quốc Toản.csv,0.9737288355827332,12.101178169250488,0.02177572250366211
