,MAPE,RMSE,R2
S0000153_Trường Tiểu học Trần Quốc Toản.csv,1.1341588497161865,12.808931350708008,-0.0929948091506958
