,MAPE,RMSE,R2
S0000153_Trường Tiểu học Trần Quốc Toản.csv,0.9515949487686157,12.327948570251465,-0.013375282287597656
